{"quoteID":"6279ef29-eedd-4ca7-bf84-f8d09f2ec591","quoteNumber":"SHL000165799","customerType":1,"subIntermediary":"","isCoverCancelled":false,"isUnderAdministration":false,"hasJudgement":false,"wasLiquidated":false,"previousInsurerId":0,"previousInsurerPremium":0.0,"itcConsent":false,"persons":[{"dateOfBirth":"1991-08-11T11:14:04+02:00","firstName":"firstname_20181017115749","identityNumber":"9108115800080","initials":"JSV","surname":"surname_20181017115749","gender":1,"identityDocumentType":1,"language":0,"maritalStatus":2,"nationality":1,"title":1,"isPensioner":false,"longStandingClient":false,"cardIssueNumber":null,"certificateNumber":null,"licenseExpiryDate":"0001-01-01T00:00:00","licenseIssueDate":"2015-08-11T09:14:04","hasComprehensiveInsurance":false,"licenceEndorsement":false,"loadLicence":false,"comprehensiveInsuranceDuration":0,"lastAccidentClaim":0,"lastStolenClaim":0,"licenseCode":3,"licenceRestriction":0,"licenceType":2,"professionalDrivingPermitCategory":0,"professionalDrivingPermitDateValidUntil":"0001-01-01T00:00:00","relationshipType":0,"isOnlyVehicle":false,"creditScore":0.0,"lapseScore":0.0,"lossRatioScore":0.0,"staff":false,"staffIsDirector":false,"criminal":false,"cashBackOption":0,"contentsCover":false,"Age":27.0},{"dateOfBirth":"1991-08-11T11:14:04+02:00","firstName":"firstname_20181017115749","identityNumber":"9108115800080","initials":"JSV","surname":"surname_20181017115749","gender":1,"identityDocumentType":1,"language":0,"maritalStatus":2,"nationality":1,"title":1,"isPensioner":false,"longStandingClient":false,"cardIssueNumber":null,"certificateNumber":null,"licenseExpiryDate":"0001-01-01T00:00:00","licenseIssueDate":"2015-08-11T09:14:04","hasComprehensiveInsurance":false,"licenceEndorsement":false,"loadLicence":false,"comprehensiveInsuranceDuration":0,"lastAccidentClaim":0,"lastStolenClaim":0,"licenseCode":3,"licenceRestriction":0,"licenceType":2,"professionalDrivingPermitCategory":0,"professionalDrivingPermitDateValidUntil":"0001-01-01T00:00:00","relationshipType":0,"isOnlyVehicle":false,"creditScore":0.0,"lapseScore":0.0,"lossRatioScore":0.0,"staff":false,"staffIsDirector":false,"criminal":false,"cashBackOption":0,"contentsCover":false,"Age":27.0}],"organisations":null,"cars":[{"premiumDetails":{"excessAmount":0.0,"personalLinePremium":0.0,"sasriaAmount":0.0,"totalPremium":0.0,"vatAmount":0.0},"carId":"4b8e4b1a-e1f4-4d9a-ac6c-361f9288dd4f","regularDriver":{"dateOfBirth":"1991-08-11T11:14:04+02:00","firstName":"firstname_20181017115749","identityNumber":"9108115800080","initials":"JSV","surname":"surname_20181017115749","gender":1,"identityDocumentType":1,"language":0,"maritalStatus":2,"nationality":1,"title":1,"isPensioner":false,"longStandingClient":false,"cardIssueNumber":null,"certificateNumber":null,"licenseExpiryDate":"0001-01-01T00:00:00","licenseIssueDate":"2015-08-11T09:14:04","hasComprehensiveInsurance":false,"licenceEndorsement":false,"loadLicence":false,"comprehensiveInsuranceDuration":0,"lastAccidentClaim":0,"lastStolenClaim":0,"licenseCode":3,"licenceRestriction":0,"licenceType":2,"professionalDrivingPermitCategory":0,"professionalDrivingPermitDateValidUntil":"0001-01-01T00:00:00","relationshipType":0,"isOnlyVehicle":false,"creditScore":0.0,"lapseScore":0.0,"lossRatioScore":0.0,"staff":false,"staffIsDirector":false,"criminal":false,"cashBackOption":0,"contentsCover":false,"Age":27.0},"registeredOwner":{"dateOfBirth":"1991-08-11T11:14:04+02:00","firstName":"firstname_20181017115749","identityNumber":"9108115800080","initials":"JSV","surname":"surname_20181017115749","gender":1,"identityDocumentType":1,"language":0,"maritalStatus":2,"nationality":1,"title":1,"isPensioner":false,"longStandingClient":false,"cardIssueNumber":null,"certificateNumber":null,"licenseExpiryDate":"0001-01-01T00:00:00","licenseIssueDate":"2015-08-11T09:14:04","hasComprehensiveInsurance":false,"licenceEndorsement":false,"loadLicence":false,"comprehensiveInsuranceDuration":0,"lastAccidentClaim":0,"lastStolenClaim":0,"licenseCode":3,"licenceRestriction":0,"licenceType":2,"professionalDrivingPermitCategory":0,"professionalDrivingPermitDateValidUntil":"0001-01-01T00:00:00","relationshipType":0,"isOnlyVehicle":false,"creditScore":0.0,"lapseScore":0.0,"lossRatioScore":0.0,"staff":false,"staffIsDirector":false,"criminal":false,"cashBackOption":0,"contentsCover":false,"Age":27.0},"mmCode":"64027655","year":2014,"make":"VOLKSWAGEN","model":"POLO 1.2 TDI BLUEMOTION 5DR","series":null,"carItemNumber":"0","vehicleKilometer":0,"vehicleCondition":0,"colour":"Blue","isNewCar":false,"isFinanced":false,"financeCode":17,"financeHouse":null,"usage":6,"monthlyBusinessUse":0,"radioSumInsured":0,"performanceModification":false,"registrationNumber":null,"vinNumber":"52342212345","engineNumber":"23454323443","carhireOption":1,"creditShortfall":null,"waiverExcess":false,"hasHailCover":false,"coverEffectiveDate":"2018-10-17T13:59:39.0540672+02:00","sumInsured":151000.0,"hasTrackingDevice":12,"noClaimBonusYears":0,"residentSuburb":null,"residentCode":2194,"isGateLocked":false,"parkedUnderCarport":false,"hasImmobiliser":false,"owner":0,"parkedOvernight":8,"canopyCover":false,"canopySuminsured":0.0,"carPhoneSuminsured":0.0,"isCourtesyVehicle":false,"alarm":30,"existingDamage":false,"carryGoods":false,"isCodeIII":false,"isRebuild":false,"versionDate":"2018-10-17T13:59:39.0540672+02:00","cover":1,"isExistingItem":false,"excessOption":1,"noClaims12":0,"noClaims24":0,"noClaims36":0,"noOfClaims":0,"extrasValue":0.0,"policyFrequency":1,"discountDetails":{"discountType":0,"discountAmount":0.0,"discountLoading":1,"discountDiscretionary":false,"discountExpiryDate":"0001-01-01T00:00:00"},"coverOption":5,"currentExcess":0.0,"VolExcess":0.0,"userAmount":0.0,"userTime":"2018-10-17T13:59:41.4439617+02:00","source":null,"itemStatus":1,"excessOptionChanged":false,"transmission":0,"newVehicle":false,"radius":0,"BusinessCategory":0,"driverType":1,"commodityCarrying":0,"crossBorder":0,"businessNature":0}],"buildings":[],"contents":[],"allRisk":[],"caravanTrailers":null,"addresses":[{"_addressType":2,"addressLine1":"4 Esmaralda Cres","addressLine2":null,"addressLine3":null,"addressLine4":null,"suburb":null,"city":null,"province":"Gauteng","postalCode":"2194","addressId":"d8144ece-cc38-4e9a-9375-7fb4452bdbb1"}],"contact":null,"computers":null,"watercrafts":null,"motorCycles":null,"userDefinedQuoteId":"6279ef29-eedd-4ca7-bf84-f8d09f2ec591","itcScores":null,"brokerInformation":{"brokerId":"12345","brokerName":"Liberty","brokerUserId":"Liberty","brokerUsername":"Liberty"},"agentInformation":{"contactNumber":"123121","emailAddress":"","firstName":"","surname":"","userId":"100","username":null},"requestType":2,"personalAccident":null,"personalLiability":[]}