{"quoteID":"792c9b5a-0a32-4d99-8b3f-9af12ce6d2c8","quoteNumber":"SHL000165797","customerType":1,"subIntermediary":"","isCoverCancelled":false,"isUnderAdministration":false,"hasJudgement":false,"wasLiquidated":false,"previousInsurerId":0,"previousInsurerPremium":0.0,"itcConsent":false,"persons":[{"dateOfBirth":"1996-01-15T02:00:00+02:00","firstName":"Chris","identityNumber":"9601155697085","initials":"CL","surname":"Dreyer","gender":1,"identityDocumentType":1,"language":0,"maritalStatus":2,"nationality":1,"title":1,"isPensioner":false,"longStandingClient":false,"cardIssueNumber":null,"certificateNumber":null,"licenseExpiryDate":"0001-01-01T00:00:00","licenseIssueDate":"2014-10-10T00:00:00","hasComprehensiveInsurance":false,"licenceEndorsement":false,"loadLicence":false,"comprehensiveInsuranceDuration":0,"lastAccidentClaim":0,"lastStolenClaim":0,"licenseCode":3,"licenceRestriction":0,"licenceType":2,"professionalDrivingPermitCategory":0,"professionalDrivingPermitDateValidUntil":"0001-01-01T00:00:00","relationshipType":0,"isOnlyVehicle":false,"creditScore":0.0,"lapseScore":0.0,"lossRatioScore":0.0,"staff":false,"staffIsDirector":false,"criminal":false,"cashBackOption":0,"contentsCover":false,"Age":22.0},{"dateOfBirth":"1996-01-15T02:00:00+02:00","firstName":"Chris","identityNumber":"9601155697085","initials":"CL","surname":"Dreyer","gender":1,"identityDocumentType":1,"language":0,"maritalStatus":2,"nationality":1,"title":1,"isPensioner":false,"longStandingClient":false,"cardIssueNumber":null,"certificateNumber":null,"licenseExpiryDate":"0001-01-01T00:00:00","licenseIssueDate":"2014-10-10T00:00:00","hasComprehensiveInsurance":false,"licenceEndorsement":false,"loadLicence":false,"comprehensiveInsuranceDuration":0,"lastAccidentClaim":0,"lastStolenClaim":0,"licenseCode":3,"licenceRestriction":0,"licenceType":2,"professionalDrivingPermitCategory":0,"professionalDrivingPermitDateValidUntil":"0001-01-01T00:00:00","relationshipType":0,"isOnlyVehicle":false,"creditScore":0.0,"lapseScore":0.0,"lossRatioScore":0.0,"staff":false,"staffIsDirector":false,"criminal":false,"cashBackOption":0,"contentsCover":false,"Age":22.0},{"dateOfBirth":"1996-01-15T02:00:00+02:00","firstName":"Chris","identityNumber":"9601155697085","initials":"CL","surname":"Dreyer","gender":1,"identityDocumentType":1,"language":0,"maritalStatus":2,"nationality":1,"title":1,"isPensioner":false,"longStandingClient":false,"cardIssueNumber":null,"certificateNumber":null,"licenseExpiryDate":"0001-01-01T00:00:00","licenseIssueDate":"2014-10-10T00:00:00","hasComprehensiveInsurance":false,"licenceEndorsement":false,"loadLicence":false,"comprehensiveInsuranceDuration":0,"lastAccidentClaim":0,"lastStolenClaim":0,"licenseCode":3,"licenceRestriction":0,"licenceType":2,"professionalDrivingPermitCategory":0,"professionalDrivingPermitDateValidUntil":"0001-01-01T00:00:00","relationshipType":0,"isOnlyVehicle":false,"creditScore":0.0,"lapseScore":0.0,"lossRatioScore":0.0,"staff":false,"staffIsDirector":false,"criminal":false,"cashBackOption":0,"contentsCover":false,"Age":22.0}],"organisations":null,"cars":[{"premiumDetails":{"excessAmount":0.0,"personalLinePremium":0.0,"sasriaAmount":0.0,"totalPremium":0.0,"vatAmount":0.0},"carId":"536fe3d5-e86c-4403-aaab-04d43d5d5edb","regularDriver":{"dateOfBirth":"1996-01-15T02:00:00+02:00","firstName":"Chris","identityNumber":"9601155697085","initials":"CL","surname":"Dreyer","gender":1,"identityDocumentType":1,"language":0,"maritalStatus":2,"nationality":1,"title":1,"isPensioner":false,"longStandingClient":false,"cardIssueNumber":null,"certificateNumber":null,"licenseExpiryDate":"0001-01-01T00:00:00","licenseIssueDate":"2014-10-10T00:00:00","hasComprehensiveInsurance":false,"licenceEndorsement":false,"loadLicence":false,"comprehensiveInsuranceDuration":0,"lastAccidentClaim":0,"lastStolenClaim":0,"licenseCode":3,"licenceRestriction":0,"licenceType":2,"professionalDrivingPermitCategory":0,"professionalDrivingPermitDateValidUntil":"0001-01-01T00:00:00","relationshipType":0,"isOnlyVehicle":false,"creditScore":0.0,"lapseScore":0.0,"lossRatioScore":0.0,"staff":false,"staffIsDirector":false,"criminal":false,"cashBackOption":0,"contentsCover":false,"Age":22.0},"registeredOwner":{"dateOfBirth":"1996-01-15T02:00:00+02:00","firstName":"Chris","identityNumber":"9601155697085","initials":"CL","surname":"Dreyer","gender":1,"identityDocumentType":1,"language":0,"maritalStatus":2,"nationality":1,"title":1,"isPensioner":false,"longStandingClient":false,"cardIssueNumber":null,"certificateNumber":null,"licenseExpiryDate":"0001-01-01T00:00:00","licenseIssueDate":"2014-10-10T00:00:00","hasComprehensiveInsurance":false,"licenceEndorsement":false,"loadLicence":false,"comprehensiveInsuranceDuration":0,"lastAccidentClaim":0,"lastStolenClaim":0,"licenseCode":3,"licenceRestriction":0,"licenceType":2,"professionalDrivingPermitCategory":0,"professionalDrivingPermitDateValidUntil":"0001-01-01T00:00:00","relationshipType":0,"isOnlyVehicle":false,"creditScore":0.0,"lapseScore":0.0,"lossRatioScore":0.0,"staff":false,"staffIsDirector":false,"criminal":false,"cashBackOption":0,"contentsCover":false,"Age":22.0},"mmCode":"48008160","year":2015,"make":"OPEL","model":"ADAM 1.0T GLAM/SLAM (3DR)","series":null,"carItemNumber":"0","vehicleKilometer":0,"vehicleCondition":0,"colour":"","isNewCar":false,"isFinanced":false,"financeCode":17,"financeHouse":null,"usage":6,"monthlyBusinessUse":0,"radioSumInsured":0,"performanceModification":false,"registrationNumber":null,"vinNumber":"","engineNumber":"","carhireOption":1,"creditShortfall":null,"waiverExcess":false,"hasHailCover":false,"coverEffectiveDate":"2018-10-17T13:46:13.6958984+02:00","sumInsured":174850.0,"hasTrackingDevice":1,"noClaimBonusYears":0,"residentSuburb":"Langenhoven Park","residentCode":9301,"isGateLocked":false,"parkedUnderCarport":false,"hasImmobiliser":true,"owner":0,"parkedOvernight":8,"canopyCover":false,"canopySuminsured":0.0,"carPhoneSuminsured":0.0,"isCourtesyVehicle":false,"alarm":30,"existingDamage":false,"carryGoods":false,"isCodeIII":false,"isRebuild":false,"versionDate":"2018-10-17T13:46:13.6958984+02:00","cover":1,"isExistingItem":false,"excessOption":1,"noClaims12":0,"noClaims24":0,"noClaims36":0,"noOfClaims":0,"extrasValue":0.0,"policyFrequency":1,"discountDetails":{"discountType":0,"discountAmount":0.0,"discountLoading":1,"discountDiscretionary":false,"discountExpiryDate":"0001-01-01T00:00:00"},"coverOption":5,"currentExcess":0.0,"VolExcess":0.0,"userAmount":0.0,"userTime":"2018-10-17T13:46:14.9142452+02:00","source":null,"itemStatus":1,"excessOptionChanged":false,"transmission":0,"newVehicle":false,"radius":0,"BusinessCategory":0,"driverType":1,"commodityCarrying":0,"crossBorder":0,"businessNature":0},{"premiumDetails":{"excessAmount":0.0,"personalLinePremium":0.0,"sasriaAmount":0.0,"totalPremium":0.0,"vatAmount":0.0},"carId":"267051f7-cd8e-473c-b24d-5e49166ba126","regularDriver":{"dateOfBirth":"1996-01-15T02:00:00+02:00","firstName":"Chris","identityNumber":"9601155697085","initials":"CL","surname":"Dreyer","gender":1,"identityDocumentType":1,"language":0,"maritalStatus":2,"nationality":1,"title":1,"isPensioner":false,"longStandingClient":false,"cardIssueNumber":null,"certificateNumber":null,"licenseExpiryDate":"0001-01-01T00:00:00","licenseIssueDate":"2014-10-10T00:00:00","hasComprehensiveInsurance":false,"licenceEndorsement":false,"loadLicence":false,"comprehensiveInsuranceDuration":0,"lastAccidentClaim":0,"lastStolenClaim":0,"licenseCode":3,"licenceRestriction":0,"licenceType":2,"professionalDrivingPermitCategory":0,"professionalDrivingPermitDateValidUntil":"0001-01-01T00:00:00","relationshipType":0,"isOnlyVehicle":false,"creditScore":0.0,"lapseScore":0.0,"lossRatioScore":0.0,"staff":false,"staffIsDirector":false,"criminal":false,"cashBackOption":0,"contentsCover":false,"Age":22.0},"registeredOwner":{"dateOfBirth":"1996-01-15T02:00:00+02:00","firstName":"Chris","identityNumber":"9601155697085","initials":"CL","surname":"Dreyer","gender":1,"identityDocumentType":1,"language":0,"maritalStatus":2,"nationality":1,"title":1,"isPensioner":false,"longStandingClient":false,"cardIssueNumber":null,"certificateNumber":null,"licenseExpiryDate":"0001-01-01T00:00:00","licenseIssueDate":"2014-10-10T00:00:00","hasComprehensiveInsurance":false,"licenceEndorsement":false,"loadLicence":false,"comprehensiveInsuranceDuration":0,"lastAccidentClaim":0,"lastStolenClaim":0,"licenseCode":3,"licenceRestriction":0,"licenceType":2,"professionalDrivingPermitCategory":0,"professionalDrivingPermitDateValidUntil":"0001-01-01T00:00:00","relationshipType":0,"isOnlyVehicle":false,"creditScore":0.0,"lapseScore":0.0,"lossRatioScore":0.0,"staff":false,"staffIsDirector":false,"criminal":false,"cashBackOption":0,"contentsCover":false,"Age":22.0},"mmCode":"48008160","year":2015,"make":"OPEL","model":"ADAM 1.0T GLAM/SLAM (3DR)","series":null,"carItemNumber":"0","vehicleKilometer":0,"vehicleCondition":0,"colour":"","isNewCar":false,"isFinanced":false,"financeCode":17,"financeHouse":null,"usage":8,"monthlyBusinessUse":0,"radioSumInsured":0,"performanceModification":false,"registrationNumber":null,"vinNumber":"","engineNumber":"","carhireOption":1,"creditShortfall":null,"waiverExcess":false,"hasHailCover":false,"coverEffectiveDate":"2018-10-17T13:46:13.8365825+02:00","sumInsured":174850.0,"hasTrackingDevice":1,"noClaimBonusYears":0,"residentSuburb":"Langenhoven Park","residentCode":9301,"isGateLocked":false,"parkedUnderCarport":false,"hasImmobiliser":false,"owner":0,"parkedOvernight":8,"canopyCover":false,"canopySuminsured":0.0,"carPhoneSuminsured":0.0,"isCourtesyVehicle":false,"alarm":0,"existingDamage":false,"carryGoods":false,"isCodeIII":false,"isRebuild":false,"versionDate":"2018-10-17T13:46:13.8365825+02:00","cover":1,"isExistingItem":false,"excessOption":1,"noClaims12":0,"noClaims24":0,"noClaims36":0,"noOfClaims":0,"extrasValue":0.0,"policyFrequency":1,"discountDetails":{"discountType":0,"discountAmount":0.0,"discountLoading":1,"discountDiscretionary":false,"discountExpiryDate":"0001-01-01T00:00:00"},"coverOption":5,"currentExcess":0.0,"VolExcess":0.0,"userAmount":0.0,"userTime":"2018-10-17T13:46:14.9142587+02:00","source":null,"itemStatus":1,"excessOptionChanged":false,"transmission":0,"newVehicle":false,"radius":0,"BusinessCategory":0,"driverType":1,"commodityCarrying":0,"crossBorder":0,"businessNature":0}],"buildings":[],"contents":[],"allRisk":[],"caravanTrailers":null,"addresses":[{"_addressType":2,"addressLine1":"10 Jan Spies St","addressLine2":"Langenhoven Park","addressLine3":null,"addressLine4":null,"suburb":null,"city":null,"province":"Free State","postalCode":"9301","addressId":"f4dc7c7c-ddcb-46c8-8b41-5e1e71903ccc"},{"_addressType":2,"addressLine1":"10 Jan Spies St","addressLine2":"Langenhoven Park","addressLine3":null,"addressLine4":null,"suburb":null,"city":null,"province":"Free State","postalCode":"9301","addressId":"3ce9f0ee-4080-415c-8d1c-c86ce9c76ec0"}],"contact":null,"computers":null,"watercrafts":null,"motorCycles":null,"userDefinedQuoteId":"792c9b5a-0a32-4d99-8b3f-9af12ce6d2c8","itcScores":null,"brokerInformation":{"brokerId":"12345","brokerName":"Liberty","brokerUserId":"Liberty","brokerUsername":"Liberty"},"agentInformation":{"contactNumber":"123121","emailAddress":"","firstName":"","surname":"","userId":"100","username":null},"requestType":2,"personalAccident":null,"personalLiability":[]}