{"quoteID":"9d9ab50e-a304-41fc-8b9f-bc1be2080d0f","quoteNumber":"SHL000165796","customerType":1,"subIntermediary":"","isCoverCancelled":false,"isUnderAdministration":false,"hasJudgement":false,"wasLiquidated":false,"previousInsurerId":0,"previousInsurerPremium":0.0,"itcConsent":true,"persons":[{"dateOfBirth":"1978-03-02T00:00:00","firstName":"Google","identityNumber":"7803029176099","initials":"A","surname":"Tester","gender":1,"identityDocumentType":1,"language":0,"maritalStatus":2,"nationality":1,"title":1,"isPensioner":false,"longStandingClient":false,"cardIssueNumber":null,"certificateNumber":null,"licenseExpiryDate":"2020-08-11T09:14:04","licenseIssueDate":"2010-08-11T09:14:04","hasComprehensiveInsurance":false,"licenceEndorsement":false,"loadLicence":false,"comprehensiveInsuranceDuration":0,"lastAccidentClaim":0,"lastStolenClaim":0,"licenseCode":6,"licenceRestriction":0,"licenceType":2,"professionalDrivingPermitCategory":0,"professionalDrivingPermitDateValidUntil":"0001-01-01T00:00:00","relationshipType":0,"isOnlyVehicle":false,"creditScore":46.0,"lapseScore":3.0,"lossRatioScore":34.0,"staff":false,"staffIsDirector":false,"criminal":false,"cashBackOption":0,"contentsCover":false,"Age":40.0},{"dateOfBirth":"1978-03-02T00:00:00","firstName":"Google","identityNumber":"7803029176099","initials":"A","surname":"Tester","gender":1,"identityDocumentType":1,"language":0,"maritalStatus":2,"nationality":1,"title":1,"isPensioner":false,"longStandingClient":false,"cardIssueNumber":null,"certificateNumber":null,"licenseExpiryDate":"2020-08-11T09:14:04","licenseIssueDate":"2010-08-11T09:14:04","hasComprehensiveInsurance":false,"licenceEndorsement":false,"loadLicence":false,"comprehensiveInsuranceDuration":0,"lastAccidentClaim":0,"lastStolenClaim":0,"licenseCode":6,"licenceRestriction":0,"licenceType":2,"professionalDrivingPermitCategory":0,"professionalDrivingPermitDateValidUntil":"0001-01-01T00:00:00","relationshipType":0,"isOnlyVehicle":false,"creditScore":46.0,"lapseScore":3.0,"lossRatioScore":34.0,"staff":false,"staffIsDirector":false,"criminal":false,"cashBackOption":0,"contentsCover":false,"Age":40.0}],"organisations":null,"cars":[{"premiumDetails":{"excessAmount":0.0,"personalLinePremium":0.0,"sasriaAmount":0.0,"totalPremium":0.0,"vatAmount":0.0},"carId":"0256d73b-b34e-4a10-b696-aa01dabf6e17","regularDriver":{"dateOfBirth":"1978-03-02T00:00:00","firstName":"Google","identityNumber":"7803029176099","initials":"A","surname":"Tester","gender":1,"identityDocumentType":1,"language":0,"maritalStatus":2,"nationality":1,"title":1,"isPensioner":false,"longStandingClient":false,"cardIssueNumber":null,"certificateNumber":null,"licenseExpiryDate":"2020-08-11T09:14:04","licenseIssueDate":"2010-08-11T09:14:04","hasComprehensiveInsurance":false,"licenceEndorsement":false,"loadLicence":false,"comprehensiveInsuranceDuration":0,"lastAccidentClaim":0,"lastStolenClaim":0,"licenseCode":6,"licenceRestriction":0,"licenceType":2,"professionalDrivingPermitCategory":0,"professionalDrivingPermitDateValidUntil":"0001-01-01T00:00:00","relationshipType":0,"isOnlyVehicle":false,"creditScore":46.0,"lapseScore":3.0,"lossRatioScore":34.0,"staff":false,"staffIsDirector":false,"criminal":false,"cashBackOption":0,"contentsCover":false,"Age":40.0},"registeredOwner":{"dateOfBirth":"1978-03-02T00:00:00","firstName":"Google","identityNumber":"7803029176099","initials":"A","surname":"Tester","gender":1,"identityDocumentType":1,"language":0,"maritalStatus":2,"nationality":1,"title":1,"isPensioner":false,"longStandingClient":false,"cardIssueNumber":null,"certificateNumber":null,"licenseExpiryDate":"2020-08-11T09:14:04","licenseIssueDate":"2010-08-11T09:14:04","hasComprehensiveInsurance":false,"licenceEndorsement":false,"loadLicence":false,"comprehensiveInsuranceDuration":0,"lastAccidentClaim":0,"lastStolenClaim":0,"licenseCode":6,"licenceRestriction":0,"licenceType":2,"professionalDrivingPermitCategory":0,"professionalDrivingPermitDateValidUntil":"0001-01-01T00:00:00","relationshipType":0,"isOnlyVehicle":false,"creditScore":46.0,"lapseScore":3.0,"lossRatioScore":34.0,"staff":false,"staffIsDirector":false,"criminal":false,"cashBackOption":0,"contentsCover":false,"Age":40.0},"mmCode":"64063841","year":2013,"make":"VOLKSWAGEN","model":"JETTA VI 2.0 TDi HIGHLINE","series":null,"carItemNumber":"0","vehicleKilometer":0,"vehicleCondition":0,"colour":"white","isNewCar":false,"isFinanced":false,"financeCode":17,"financeHouse":null,"usage":8,"monthlyBusinessUse":0,"radioSumInsured":0,"performanceModification":false,"registrationNumber":null,"vinNumber":"52342212345","engineNumber":"23454323443","carhireOption":6,"creditShortfall":null,"waiverExcess":false,"hasHailCover":false,"coverEffectiveDate":"2018-10-31T13:07:44.9379004+02:00","sumInsured":186950.0,"hasTrackingDevice":1,"noClaimBonusYears":0,"residentSuburb":"DURBAN NORTH","residentCode":4051,"isGateLocked":false,"parkedUnderCarport":false,"hasImmobiliser":true,"owner":0,"parkedOvernight":8,"canopyCover":false,"canopySuminsured":0.0,"carPhoneSuminsured":0.0,"isCourtesyVehicle":false,"alarm":30,"existingDamage":false,"carryGoods":false,"isCodeIII":false,"isRebuild":false,"versionDate":"2018-10-31T13:07:44.9379004+02:00","cover":1,"isExistingItem":false,"excessOption":1,"noClaims12":0,"noClaims24":0,"noClaims36":0,"noOfClaims":0,"extrasValue":0.0,"policyFrequency":1,"discountDetails":{"discountType":0,"discountAmount":0.0,"discountLoading":1,"discountDiscretionary":false,"discountExpiryDate":"0001-01-01T00:00:00"},"coverOption":5,"currentExcess":0.0,"VolExcess":0.0,"userAmount":0.0,"userTime":"2018-10-17T13:36:07.0973438+02:00","source":null,"itemStatus":1,"excessOptionChanged":false,"transmission":1,"newVehicle":false,"radius":15,"BusinessCategory":14,"driverType":1,"commodityCarrying":6,"crossBorder":1,"businessNature":1}],"buildings":[],"contents":[],"allRisk":[],"caravanTrailers":null,"addresses":[{"_addressType":2,"addressLine1":"23 Test Street","addressLine2":"DURBAN NORTH","addressLine3":"","addressLine4":"DURBAN","suburb":"","city":"DURBAN","province":"Kwazulu Natal","postalCode":"4051","addressId":"a379a2f6-9ae3-4b70-a080-5606012440bd"}],"contact":null,"computers":null,"watercrafts":null,"motorCycles":null,"userDefinedQuoteId":"9d9ab50e-a304-41fc-8b9f-bc1be2080d0f","itcScores":null,"brokerInformation":{"brokerId":"12345","brokerName":"Liberty","brokerUserId":"Liberty","brokerUsername":"Liberty"},"agentInformation":{"contactNumber":"123121","emailAddress":"","firstName":"","surname":"","userId":"100","username":null},"requestType":2,"personalAccident":null,"personalLiability":[]}