{"quoteID":"2ec26671-5b2e-47b7-bca1-ba741b3f3b69","quoteNumber":"SHL000165794","customerType":1,"subIntermediary":"","isCoverCancelled":false,"isUnderAdministration":false,"hasJudgement":false,"wasLiquidated":false,"previousInsurerId":0,"previousInsurerPremium":0.0,"itcConsent":true,"persons":[{"dateOfBirth":"1978-03-02T00:00:00","firstName":"Google","identityNumber":"7803029176099","initials":"A","surname":"Tester","gender":1,"identityDocumentType":1,"language":0,"maritalStatus":2,"nationality":1,"title":1,"isPensioner":false,"longStandingClient":false,"cardIssueNumber":null,"certificateNumber":null,"licenseExpiryDate":"2020-08-11T09:14:04","licenseIssueDate":"2010-08-11T09:14:04","hasComprehensiveInsurance":false,"licenceEndorsement":false,"loadLicence":false,"comprehensiveInsuranceDuration":0,"lastAccidentClaim":0,"lastStolenClaim":0,"licenseCode":6,"licenceRestriction":0,"licenceType":2,"professionalDrivingPermitCategory":0,"professionalDrivingPermitDateValidUntil":"0001-01-01T00:00:00","relationshipType":0,"isOnlyVehicle":false,"creditScore":46.0,"lapseScore":3.0,"lossRatioScore":34.0,"staff":false,"staffIsDirector":false,"criminal":false,"cashBackOption":0,"contentsCover":false,"Age":40.0},{"dateOfBirth":"1978-03-02T00:00:00","firstName":"Google","identityNumber":"7803029176099","initials":"A","surname":"Tester","gender":1,"identityDocumentType":1,"language":0,"maritalStatus":2,"nationality":1,"title":1,"isPensioner":false,"longStandingClient":false,"cardIssueNumber":null,"certificateNumber":null,"licenseExpiryDate":"2020-08-11T09:14:04","licenseIssueDate":"2010-08-11T09:14:04","hasComprehensiveInsurance":false,"licenceEndorsement":false,"loadLicence":false,"comprehensiveInsuranceDuration":0,"lastAccidentClaim":0,"lastStolenClaim":0,"licenseCode":6,"licenceRestriction":0,"licenceType":2,"professionalDrivingPermitCategory":0,"professionalDrivingPermitDateValidUntil":"0001-01-01T00:00:00","relationshipType":0,"isOnlyVehicle":false,"creditScore":46.0,"lapseScore":3.0,"lossRatioScore":34.0,"staff":false,"staffIsDirector":false,"criminal":false,"cashBackOption":0,"contentsCover":false,"Age":40.0}],"organisations":null,"cars":[{"premiumDetails":{"excessAmount":0.0,"personalLinePremium":0.0,"sasriaAmount":0.0,"totalPremium":0.0,"vatAmount":0.0},"carId":"065e81b0-c680-4107-82ae-05c59595cd0d","regularDriver":{"dateOfBirth":"1978-03-02T00:00:00","firstName":"Google","identityNumber":"7803029176099","initials":"A","surname":"Tester","gender":1,"identityDocumentType":1,"language":0,"maritalStatus":2,"nationality":1,"title":1,"isPensioner":false,"longStandingClient":false,"cardIssueNumber":null,"certificateNumber":null,"licenseExpiryDate":"2020-08-11T09:14:04","licenseIssueDate":"2010-08-11T09:14:04","hasComprehensiveInsurance":false,"licenceEndorsement":false,"loadLicence":false,"comprehensiveInsuranceDuration":0,"lastAccidentClaim":0,"lastStolenClaim":0,"licenseCode":6,"licenceRestriction":0,"licenceType":2,"professionalDrivingPermitCategory":0,"professionalDrivingPermitDateValidUntil":"0001-01-01T00:00:00","relationshipType":0,"isOnlyVehicle":false,"creditScore":46.0,"lapseScore":3.0,"lossRatioScore":34.0,"staff":false,"staffIsDirector":false,"criminal":false,"cashBackOption":0,"contentsCover":false,"Age":40.0},"registeredOwner":{"dateOfBirth":"1978-03-02T00:00:00","firstName":"Google","identityNumber":"7803029176099","initials":"A","surname":"Tester","gender":1,"identityDocumentType":1,"language":0,"maritalStatus":2,"nationality":1,"title":1,"isPensioner":false,"longStandingClient":false,"cardIssueNumber":null,"certificateNumber":null,"licenseExpiryDate":"2020-08-11T09:14:04","licenseIssueDate":"2010-08-11T09:14:04","hasComprehensiveInsurance":false,"licenceEndorsement":false,"loadLicence":false,"comprehensiveInsuranceDuration":0,"lastAccidentClaim":0,"lastStolenClaim":0,"licenseCode":6,"licenceRestriction":0,"licenceType":2,"professionalDrivingPermitCategory":0,"professionalDrivingPermitDateValidUntil":"0001-01-01T00:00:00","relationshipType":0,"isOnlyVehicle":false,"creditScore":46.0,"lapseScore":3.0,"lossRatioScore":34.0,"staff":false,"staffIsDirector":false,"criminal":false,"cashBackOption":0,"contentsCover":false,"Age":40.0},"mmCode":"26516305","year":2016,"make":"HYUNDAI","model":"GRAND i10 1.25 FLUID","series":null,"carItemNumber":"0","vehicleKilometer":0,"vehicleCondition":0,"colour":"white","isNewCar":false,"isFinanced":false,"financeCode":17,"financeHouse":null,"usage":8,"monthlyBusinessUse":0,"radioSumInsured":0,"performanceModification":false,"registrationNumber":null,"vinNumber":"52342212345","engineNumber":"23454323443","carhireOption":6,"creditShortfall":null,"waiverExcess":false,"hasHailCover":false,"coverEffectiveDate":"2018-10-31T13:07:44.9379004+02:00","sumInsured":142450.0,"hasTrackingDevice":1,"noClaimBonusYears":0,"residentSuburb":"DURBAN NORTH","residentCode":4051,"isGateLocked":false,"parkedUnderCarport":false,"hasImmobiliser":true,"owner":0,"parkedOvernight":8,"canopyCover":false,"canopySuminsured":0.0,"carPhoneSuminsured":0.0,"isCourtesyVehicle":false,"alarm":30,"existingDamage":false,"carryGoods":false,"isCodeIII":false,"isRebuild":false,"versionDate":"2018-10-31T13:07:44.9379004+02:00","cover":1,"isExistingItem":false,"excessOption":1,"noClaims12":0,"noClaims24":0,"noClaims36":0,"noOfClaims":0,"extrasValue":0.0,"policyFrequency":1,"discountDetails":{"discountType":0,"discountAmount":0.0,"discountLoading":1,"discountDiscretionary":false,"discountExpiryDate":"0001-01-01T00:00:00"},"coverOption":5,"currentExcess":0.0,"VolExcess":0.0,"userAmount":0.0,"userTime":"2018-10-17T13:32:00.227184+02:00","source":null,"itemStatus":1,"excessOptionChanged":false,"transmission":1,"newVehicle":false,"radius":15,"BusinessCategory":14,"driverType":1,"commodityCarrying":6,"crossBorder":1,"businessNature":1}],"buildings":[{"buildingId":"83465fc8-7c8c-48eb-967f-9425a093d2e3","itemSumInsured":999999.0,"ageOfPolicyHolder":40.0,"electricalMotor":false,"area":4051,"score":0.0,"roofConstrCode":1,"voluntaryExcess":0.0,"product":"SHS","ppolFrequency":1,"wallConstrCode":1,"typeOfDwellingCode":1,"unoccupiedDays":13,"ageOfPolicy":0,"useOfResidence":1,"landSlip":false,"renewalDate":"2019-11-01T12:00:00Z","policyStartDate":"2018-10-01T12:00:00Z","effectiveDate":"2018-10-17T00:00:00+02:00","discountDetails":{"discountType":2,"discountAmount":0.0,"discountLoading":1,"discountDiscretionary":false,"discountExpiryDate":"0001-01-01T00:00:00"},"PremiumDetails":{"excessAmount":0.0,"personalLinePremium":0.0,"sasriaAmount":0.0,"totalPremium":0.0,"vatAmount":0.0},"noOfClaims":0,"quoteNumber":"SHL000165794","itemNumber":0,"currentExcess":0.0,"source":null,"itemStatus":1,"versionDate":"2018-10-17T00:00:00+02:00","freePa":0,"dwell100mFromWater":1,"ageOfBuilding":5,"ownerOrSpouse":3,"noClaims36":1,"geysers":[{"dateGeyserWasLastReplaced":"2017-08-21T12:00:00","geyserType":1,"geyserLocation":4,"geyserSize":3}]}],"contents":[{"contentsAddressId":"c968c58c-099d-4f93-97db-a037f304c3f0","contentsId":"3facb066-6670-478a-8821-d79f035d608a","applianceBreakdown":true,"controlledAccess":1,"highWallCode":17,"NCB":0,"hCoverTypeCode":1,"product":"00000000-0000-0000-0000-000000000000","score":0.0,"ppolFrequency":1,"thatch":3,"buildingComplete":true,"voluntaryExcess":0.0,"renewalDate":"0001-01-01T00:00:00","policyStartDate":"0001-01-01T00:00:00","effectiveDate":"2018-10-31T08:30:02.707Z","noOfClaims":0,"discountDetails":{"discountType":2,"discountAmount":0.0,"discountLoading":1,"discountDiscretionary":false,"discountExpiryDate":"0001-01-01T00:00:00"},"premiumDetails":{"excessAmount":0.0,"personalLinePremium":0.0,"sasriaAmount":0.0,"totalPremium":0.0,"vatAmount":0.0},"source":null,"versionDate":"2018-10-31T08:30:02.707Z","freePa":0,"homeType":1,"homeArea":1,"wallType":1,"roofType":5,"insuredValue":300000.0,"alarm":2,"burglarBarType":4,"hasSecurityGates":true,"unoccupiedDays":13,"buildingUsage":1,"isCommune":false,"rentedBuilding":false,"hasElectricGates":true,"hasAccessControl":true,"itemNumber":0,"itemStatus":1,"ageOfPolicyHolder":40.0,"legal":false,"contentsFullyFurnished":false,"dwell100Water":2,"noOfClaims36Above5k":1,"noOfRoomMates":3}],"allRisk":[{"allRiskId":"089ab352-6082-4697-9a4a-45c41be762ef","subsection":0,"itemSumInsured":10000.0,"product":"00000000-0000-0000-0000-000000000000","area":4051,"voluntaryExcess":0.0,"pPolFrequency":1,"aStorageLocation":1,"renewalDate":"2019-09-30T12:00:00Z","policyStartDate":"2018-10-01T12:00:00Z","effectiveDate":"2018-10-17T00:00:00+02:00","discountDetails":{"discountType":2,"discountAmount":0.0,"discountLoading":1,"discountDiscretionary":false,"discountExpiryDate":"0001-01-01T00:00:00"},"premiumDetails":{"excessAmount":0.0,"personalLinePremium":0.0,"sasriaAmount":0.0,"totalPremium":0.0,"vatAmount":0.0},"quoteNumber":"SHL000165794","source":null,"ageOfPolicyHolder":40.0,"itemStatus":1,"versionDate":"2018-10-17T00:00:00+02:00","freePa":null,"itemNumber":0,"productId":"00000000-0000-0000-0000-000000000000"}],"caravanTrailers":null,"addresses":[{"_addressType":2,"addressLine1":"23 Test Street","addressLine2":"DURBAN NORTH","addressLine3":"","addressLine4":"DURBAN","suburb":"","city":"DURBAN","province":"Kwazulu Natal","postalCode":"4051","addressId":"c968c58c-099d-4f93-97db-a037f304c3f0"}],"contact":null,"computers":null,"watercrafts":null,"motorCycles":null,"userDefinedQuoteId":"2ec26671-5b2e-47b7-bca1-ba741b3f3b69","itcScores":null,"brokerInformation":{"brokerId":"12345","brokerName":"Liberty","brokerUserId":"Liberty","brokerUsername":"Liberty"},"agentInformation":{"contactNumber":"123121","emailAddress":"","firstName":"","surname":"","userId":"100","username":null},"requestType":2,"personalAccident":null,"personalLiability":[{"PersonalLiabilityId":"cb901e6d-eaa8-4c78-a8b4-791ddeec829e","ppolFrequency":1,"coverAmount":10000000.0,"itemStatus":1,"itemNumber":0,"versionDate":"2018-10-17T00:00:00+02:00","renewalDate":"2019-09-30T12:00:00Z","policyStartDate":"2018-10-01T12:00:00Z","effectiveDate":"2018-10-17T00:00:00+02:00","quoteNumber":0,"discountDetails":{"discountType":2,"discountAmount":0.0,"discountLoading":1,"discountDiscretionary":false,"discountExpiryDate":"0001-01-01T00:00:00"},"premiumDetails":{"excessAmount":0.0,"personalLinePremium":0.0,"sasriaAmount":0.0,"totalPremium":0.0,"vatAmount":0.0},"source":null}]}